id,salutation,first_name,last_name,company,title,department,contact_specialty,location,street,city,state,zip_code,country,phone,fax,email,new_to_ultrasound,previous_ultrasound,current_sonosite,buying_timeframe,product,rating,marketing_comments
1,henriette,nellie,zelda,junior.runolfon,melody,kory,scotty.hilll,irving_cummerata,raegan.dooley,junius,juliet,maryam.wintheiser,kylie.okon,kevon,marcos,chloe@yostbauch.biz,true,f,true,francis.kutch,ervin.metz,medium,quentin_leuschke
2,catalina,dane.stehr,evans.goodwin,dorris_schaefer,lacy_connelly,brice,christiana,christiana_altenwerth,graham_aufderhar,jacey_price,giovanni,christine,kaandra,sheldon,shania,sarai_carter@deckowcarroll.info,true,f,true,randi,jeica,medium,adele.harber
3,noah,macy_fay,tara_klocko,golden,rocky,rico.hansen,deborah.harvey,rodolfo_rogahn,jadon_aufderhar,pat_beatty,may_harris,lelah,torrance.osinski,sydni.langosh,americo_bartoletti,clark@bechtelar.com,true,f,true,alan,garry_herzog,medium,quinten.metz
4,gerson,gunner_schowalter,jerad,amely,alvera,anastacio,lera,humberto_cummerata,avis_abernathy,mariam.nader,rebeca,jarret,brant_pfannerstill,mathilde,zechariah_satterfield,tabitha@beier.biz,true,f,true,rusty_hirthe,krista_ratke,medium,ward
5,velma.ward,tyson.tromp,domenick.lakin,vivian,shakira_casper,carlotta,addie,jeanie_harris,nash_nienow,katelin,joel.hyatt,sandy,helmer,natalie.dicki,jarrell.runolfon,margot@hermiston.net,true,f,true,shaina,gerardo_casper,medium,susanna
6,otis.fritsch,cleveland,jovan_murphy,pietro.lowe,beth.runolfsdottir,louisa_okuneva,thalia.monahan,roslyn,hilbert_harvey,ferne,sid,jacynthe,johnson,leslie_gleason,judson,genoveva.mckenzie@langworth.info,true,f,true,heloise_rau,otilia_bayer,medium,allen
7,jaqueline,dan_ledner,tania,bernhard_rolfson,geovanny_mayer,elliot,dannie,lee,ernest.beier,emmanuelle.bergnaum,rhea.konopelski,maiya,marvin_cremin,felipa,etha_gerhold,nicola.schiller@schmidt.name,true,f,true,shayne,madelyn.runte,medium,alfredo
8,erich,eladio,kiarra,hudson_stracke,ricardo_sipes,leslie,myriam_swaniawski,monserrate,lizzie,robin,cathrine,estel,jackson.williamson,dell,carmine.cartwright,fredrick.gerlach@schamberger.biz,true,f,true,paige,winifred,medium,margarete_volkman
9,ashlynn,santiago,emma,carlie,delaney_cummerata,theodore,rhett,gerardo,bernard,karelle_hilpert,neal,lew_armstrong,maximus,jalon.keebler,andre_heel,ashlynn.connelly@vonrueden.biz,true,f,true,lucienne,milton.padberg,medium,elizabeth.adams
10,fermin_feest,leonor.rau,dylan.wyman,matt,jean,maximilian.veum,austin,tabitha,kieran,karson_roob,makenzie,bryana_bashirian,demetris,jolie,einar_doyle,jettie.metz@dickinson.com,true,f,true,kristy,zelma.olson,medium,myrtle.schumm
11,aisha.parker,melany.schuppe,juwan_koepp,eunice,leila.doyle,john,jaiden,rocio_quigley,lamont,carmel,maudie,ursula_stracke,loren,raleigh,floy,randi@prohaska.biz,true,f,true,ona.satterfield,adolphus_spinka,medium,jason
12,thad.stiedemann,cleveland,kelly,queen,hellen_klocko,arielle.friesen,arden.boyle,verdie.mcclure,rebecca,yasmeen.walter,kelly_macgyver,tillman,tad,garett,kiera.lakin,mozelle.hilll@dibbert.name,true,f,true,efrain,samanta_luettgen,medium,reymundo_bednar
13,mayra,norberto,chanel_ebert,deja_pouros,trea,laurie,hal,jailyn.kozey,marcia_ko,adrien.kreiger,martin.armstrong,clifton,dorthy,una,adah,noel_moore@hettinger.info,true,f,true,halle,agustin,medium,josephine
14,michael.rippin,viva.crona,anjali,katlyn.olson,alanna.sawayn,savion,jazlyn,jordi,mikel,orion_shields,lavern,brooks,mercedes,carolina_auer,hosea,norval@thiel.biz,true,f,true,ryan,hoyt,medium,lonie_cummerata
15,freida.haag,caleb,adrien,ulises,gilbert.wilkinson,dario,orlo,macey_willms,manley_littel,helmer,blaze,walker,amos,lizeth.howe,stephan.boyer,meghan.farrell@ernser.net,true,f,true,maegan,edythe,medium,eliseo_beahan
16,wilfredo,jeanie_kunde,bianka,roman,grayson,therese,wilmer_zulauf,kira_tremblay,pauline.ledner,isobel.carroll,fanny.bashirian,doyle,tara,lawson_mills,katherine,antone_flatley@watsica.org,true,f,true,raymond,braxton.kunze,medium,mariam.bernier
17,jevon,glennie,garfield,alyson,annamae,monty,jamarcus,wilhelmine,tracey_grady,gretchen.schumm,betsy.denesik,bette,montana_marvin,sydnie_mckenzie,adelbert,marty_hamill@hettingerschneider.info,true,f,true,esta_bergstrom,tia.wilkinson,medium,javier
18,stanton_harris,diego,kaitlin.swift,garrison.pfeffer,bella_altenwerth,allen.hand,kaylin,geraldine.kreiger,tara,emerald.mcclure,chase,titus.marks,davon_jones,giovanna,allene,idell.price@murray.org,true,f,true,alfonso.okuneva,claud_huels,medium,deie_spinka
19,delta_kautzer,alayna,graham_block,rocio,maybell,lisandro,francisca,adeline,vance.davis,llewellyn,shannon,jerel,ahmad.reynolds,reid,karelle_welch,kraig@erdman.biz,true,f,true,heaven,jerrod,medium,viola
20,krystel.emmerich,omari_heidenreich,rita.lebsack,theresa,terence,phyllis,mylene_johns,weldon,eriberto,emma.murazik,eliane_gutmann,mustafa,eileen,polly_dickens,donny_hamill,helene@borerfriesen.com,true,f,true,antonia.paucek,shanie.larkin,medium,nicholas
21,leopold,mekhi.goldner,okey,rose,arnold_wolff,doyle_haag,rosalia_walker,keaton,gracie_von,mitchell,elmira_swift,gerda,myriam,lavon,kareem,rogers.becker@weinat.com,true,f,true,mallie_keebler,danika_little,medium,corine_little
22,allie,emmett.fisher,margarett.hintz,richie_kautzer,allison.metz,lela.brakus,darius_padberg,kelvin,ardith.kris,raven_oconner,mozell,adolfo.boyer,harry,maurine,larue,sim_von@bernier.net,true,f,true,luna.baumbach,leonardo_hills,medium,chad
23,mallie_kshlerin,eulah,gilbert,aron,jewell,rey,saul.harber,abel,magnus,domenico.bergnaum,christine,gregoria.macgyver,nettie,amy_ebert,guie,norval.morar@rippin.org,true,f,true,alvina,adolfo_donnelly,medium,ignacio
24,ryan.beatty,scottie,patrick,mona.treutel,mittie,meaghan.konopelski,rosetta_bahringer,lennie_rau,yolanda.champlin,orion_swaniawski,jaron_mccullough,kamille,darlene.goldner,macie,icie.mitchell,casey@gibson.net,true,f,true,hermann,kelsie_breitenberg,medium,coby
25,dariana,cleve,glennie,samson,marley_anderson,earnestine,stone.hermann,mabelle,alene.cole,kevin,laverne.torphy,mary.schmidt,elsie.kovacek,manley,jon,velda.aufderhar@bergnaumkoepp.org,true,f,true,makayla,shawn,medium,morgan.mayert
26,consuelo_buckridge,andrew,mikel,jane.veum,joanie,darby,angeline.jaskolski,darian_friesen,helga.kilback,kiel,aryanna,lance,marge.cain,einar.witting,tomasa.erdman,tyreek_trantow@schaefer.name,true,f,true,kaelyn_glover,evan,medium,janea
27,toni_feil,scottie_barrows,marilou,alvah,marielle,paul_grady,lucy.abernathy,preston,giuseppe,brad_macgyver,heidi_yundt,althea,eula_fay,oleta_williamson,margot.mraz,jailyn.schultz@spencer.net,true,f,true,zackary.schneider,amari.heel,medium,brant
28,piper.ortiz,gino,edythe.bayer,craig,agustina,sunny,antonietta_connelly,elbert,clint.hayes,suzanne_considine,ashleigh.mertz,ladarius_davis,zachary.balistreri,jaylin,keith,emma@beier.name,true,f,true,alek,brady_bernier,medium,stewart_dibbert
29,garrison,adrien,maritza,haylee,camilla.marvin,nikki_bednar,marcelo.yost,robbie,citlalli,zita,brendon.senger,opal_bartell,lolita_tremblay,kenyatta.zemlak,brielle_ko,kaycee@corkeryruel.net,true,f,true,cayla,bell,medium,maurice
30,raven_raynor,kyra,lenore_murazik,austyn,myrtle.funk,ronaldo.gerlach,maudie.rice,carolyn,adrain,eliane.conroy,luz,delta_swift,jaren,bettie,nelle,floyd.bradtke@friesenmacejkovic.org,true,f,true,anastasia_smitham,tiffany,medium,ryann.crooks
31,lawrence,crystal.howell,osvaldo.connelly,jett.corkery,camila,britney,pauline,modesta_gleason,chanelle_schmitt,citlalli,evert_johns,scottie_sanford,elwyn,robin,dayna,candido.turner@gislasonherman.biz,true,f,true,ethan_hoppe,conner,medium,demetrius_ryan
32,dannie,oswald.franecki,daron,lempi,donato,americo,nathan.mosciski,lulu,abagail.denesik,harley,vinnie,jaclyn_lockman,thalia,miouri,sebastian.bailey,treie@treutel.com,true,f,true,nels,lottie,medium,evelyn.koelpin
33,oren.wiegand,ashleigh,kristoffer_brekke,rae,vernie_fritsch,gaston,alfredo_robel,joanne_heel,gabriella,raven,herbert,lisette.leannon,vinnie.wyman,mckenzie,una,wayne@bradtkezulauf.org,true,f,true,makayla,donnell.hilpert,medium,winifred.ferry
34,aisha.breitenberg,art,cathy,winnifred_schuppe,eileen,francesca,wilma,myah,talia.grady,clovis_gutmann,delores.walter,mable,maryam,johnny_carter,natalie_quigley,kaandra@skiles.net,true,f,true,geovanny.cole,giovanny,medium,imelda_larkin
35,brody_harber,vallie,herminia,noelia.skiles,antonio,sabryna_hackett,lura,monroe,schuyler_wisozk,jasen.ondricka,micah.bogisich,josefa_lakin,gabrielle.jacobs,perry,ellie,daphnee@cremin.info,true,f,true,sammie.trantow,gail_kris,medium,vaughn_waelchi
36,ivory,leanna.funk,josianne.nicolas,haie.boyer,dameon_considine,mose_keebler,colleen,mariah.corwin,muhammad,amie,katharina_kaulke,juliet_bailey,deie,ellis,kasandra.hyatt,dion_haag@cummerata.info,true,f,true,hayley,german,medium,flavie
37,shayne_anderson,golden,tre_ullrich,rod,felicita,chadd.crooks,anastacio_bauch,maureen.dubuque,henderson_stokes,ashly,zoey,oren,annetta.batz,ford.hoeger,corrine_simonis,pamela_weinat@kuhn.net,true,f,true,ella,lorenzo_shanahan,medium,raphael
38,rae,rowena_rice,deangelo,chanelle,trystan,vickie,maxie.cummerata,twila_sporer,aileen,patience.ernser,jermain.boehm,ruth,vincenzo.osinski,jeremy_lynch,maggie,frederik.ruecker@erdman.com,true,f,true,ellen,kenton_feest,medium,idella
39,deon,jedidiah,samanta.monahan,manuel.jenkins,mavis.gutmann,alexie_ebert,linnea_abshire,kattie.oberbrunner,alivia,shayna,karl.gorczany,jeramy_okuneva,reed.sipes,isabel_kling,adrian,mckayla.christiansen@champlinwilderman.name,true,f,true,karina,torrance,medium,sedrick
40,rod,merlin.hoppe,pietro,jimmie.rice,erik.beier,deontae.boehm,zita_lueilwitz,antonio,adah,jarrell,lilla_toy,muhammad.walsh,emmet,celestine,brett,lucio@glover.biz,true,f,true,buck,grady_fay,medium,corrine.jenkins
41,evangeline,megane,crystal.bechtelar,al,ova_boehm,hilton,flavie_jacobi,anahi,margret.wiegand,delaney.langworth,bryon_kuhn,brad,urban_jakubowski,jaycee,bonita.will,jordane@powlowskitrantow.com,true,f,true,cyrus,janie,medium,krystal
42,branson.littel,brigitte.ullrich,jacques_okeefe,crystel.cremin,ethyl.weber,caitlyn,nya,birdie,hudson,halle.ruecker,shayna_daugherty,kacey_wunsch,gerard,dorris_schneider,ruel,leon_murphy@kozeythiel.name,true,f,true,adonis_stoltenberg,bernadine,medium,alisha
43,hayden,marcelina,alexandrine_powlowski,zachary,brendon,kieran.ratke,casper,alexandrea.rowe,wade,ruben_hand,grayce_kling,sally,kaley.bernier,eda,kayley,desmond_mohr@kuphal.net,true,f,true,winifred,clementina.bradtke,medium,emiliano
44,wilhelmine,kiarra_wehner,gerardo.moore,lavon,elvera,barney_cruickshank,kameron,granville_yundt,noel,waino,maynard_boyer,lennie_bayer,arlie_halvorson,amparo,dorothy.lockman,noe_conroy@hirthecormier.name,true,f,true,gideon,arno,medium,bud_beier
45,ashley,bradford_strosin,catherine.cremin,hans_terry,lowell_hackett,isabel_gorczany,isabel,emie,erling,jerome.greenfelder,adeline.mills,cortez.little,sadye,neha_weimann,hershel,enrico.bins@weimann.info,true,f,true,callie_mckenzie,hermann_mueller,medium,kyra
46,kristian,ethel.lang,kattie,estell,wiley.luettgen,efrain,henriette,zelda,zachery_brakus,dana_torphy,elvie.braun,teie_krajcik,sophia,katherine.treutel,micaela_koelpin,lexi@spencer.net,true,f,true,ambrose.ullrich,molly_dickens,medium,abraham_williamson
47,lane.mante,al,brisa,marvin,jeffrey_goyette,devyn_langworth,darlene,rogelio.harvey,foster,jerry.kuhic,ignacio,claud.bruen,albin,cristobal_schumm,timothy_kilback,markus@mertz.com,true,f,true,kathleen,johnathan,medium,jake
48,althea.bartell,ceasar,julio,mariam,maximillia,avis.glover,harvey_stark,demetrius.herzog,rylee,mireya,guiseppe_white,coralie_mosciski,zelda.beier,akeem_bruen,marc,consuelo.kaulke@oharaberge.net,true,f,true,marlee,lyla_predovic,medium,zola_considine
49,lucas.langosh,frederique_runolfon,dannie,deion_ritchie,sven,tyler.howe,henderson.keeling,wilford,alejandra_fay,willow,macey,earline_balistreri,isac.rohan,fidel,thurman,alena_huels@mante.name,true,f,true,madilyn.heller,davin_bernier,medium,makenna
50,carlie,misael.okuneva,erich_parker,conrad,eulah,katelin,lance,rae,liana,lowell,tyrese,anahi_bartell,stephon,berry_okuneva,leda_wehner,guiseppe_schultz@torp.net,true,f,true,derrick,lonnie.hammes,medium,paige
